Workbook

Sheet README
A1: Torrefied Adirondack Spruce – Complete Laboratory Procedural Record
A3: Dataset scope | B3: 21 unique specimen records were recoverable from 44 submitted screenshots. Expected sample 000002 was not present.
A4: Source format | B4: Each valid specimen is represented by a summary card and a detailed 'Tonewood parameters characterization – Rev 1.5 – by Giuliano Nicoletti' analyzer screen.
A5: Primary numerical source | B5: The detailed analyzer screen is treated as the primary numerical record. Summary-card values are retained separately for audit comparison.
A6: Signal metadata | B6: The detailed screens identify Signal 1, Mono source selection, total recording length, visualized length, and peak amplitude.
A7: Spectral record | B7: Every detailed screen displays a recorded-signal trace, amplitude spectrum, and impulse-response plot. The screenshots preserve the plotted evidence visually, but do not expose the original numeric waveform, FFT-bin, or impulse-response arrays.
A8: Image archive | B8: Cropped source images are embedded in the Spectral Sheet Archive so the graphs and all visible screen context remain part of the laboratory record.
A9: Capture anomaly | B9: One submitted pair repeats the 000008 summary card but displays the 000007 detailed analyzer screen. The valid 000008 pair appears immediately afterward and is used for the specimen record.
A10: Interpretation rule | B10: Small summary/detail differences are retained rather than silently reconciled. These may represent rounding, separate measurement runs, or transcription/display variation.

Sheet Specimen Master
A1: Primary Detailed Analyzer Measurements
A2: Green values are imported/transcribed directly from detailed analyzer screens. No raw spectral arrays were available.
A4: Sample ID | B4: Analyzer Sample Name | C4: Material / Treatment | D4: Sample Length (mm) | E4: Sample Width (mm) | F4: Sample Thickness (mm) | G4: Sample Mass (g) | H4: Sample Density (kg/m³) | I4: Sample Nodal Lines (mm) | J4: Resonance Frequency (Hz) | K4: Time Constant (ms) | L4: Log Decrement | M4: Q Factor / Sustain | N4: Fitting (%) | O4: Young's Modulus / Stiffness (GPa) | P4: Radiation Coefficient | Q4: Total Recording Length (s) | R4: Visualized Length (s) | S4: Peak Amplitude (dBFS)
A5: 000001 | B5: ADT-C-01 | C5: Torrefied Adirondack Spruce | D5: 560 | E5: 200 | F5: 4.2 | G5: 220 | H5: 467.7 | I5: 302 | J5: 78 | K5: 766.9 | L5: 0.0167 | M5: 188 | N5: 94.7 | O5: 14.9 | P5: 12.1 | Q5: 16.7 | R5: 3.5 | S5: -1.6
A6: 000003 | B6: ADT-C-03 | C6: Torrefied Adirondack Spruce | D6: 552 | E6: 200 | F6: 4.5 | G6: 213 | H6: 428.7 | I6: 298 | J6: 86.4 | K6: 781.4 | L6: 0.0148 | M6: 212 | N6: 94.1 | O6: 13.8 | P6: 13.2 | Q6: 19.9 | R6: 3.9 | S6: -1.7
A7: 000004 | B7: ADT-C-04 | C7: Torrefied Adirondack Spruce | D7: 557 | E7: 200 | F7: 4.6 | G7: 213 | H7: 415.7 | I7: 301 | J7: 81.1 | K7: 695.6 | L7: 0.0177 | M7: 177.2 | N7: 92.9 | O7: 11.7 | P7: 12.8 | Q7: 36.3 | R7: 8.2 | S7: -1.6
A8: 000005 | B8: ADT-C-05 | C8: Torrefied Adirondack Spruce | D8: 547 | E8: 198 | F8: 4.7 | G8: 215 | H8: 422.4 | I8: 295 | J8: 90.3 | K8: 689.6 | L8: 0.0161 | M8: 195.6 | N8: 93.4 | O8: 13.1 | P8: 13.2 | Q8: 21 | R8: 7.5 | S8: -1.5
A9: 000006 | B9: ADT-C-06 | C9: Torrefied Adirondack Spruce | D9: 544 | E9: 200 | F9: 4.5 | G9: 210 | H9: 428.9 | I9: 294 | J9: 86.6 | K9: 704.2 | L9: 0.0164 | M9: 191.6 | N9: 95.1 | O9: 13.1 | P9: 12.9 | Q9: 36.5 | R9: 6.8 | S9: -1.6
A10: 000007 | B10: ADT-C-07 | C10: Torrefied Adirondack Spruce | D10: 544 | E10: 200 | F10: 4.5 | G10: 210 | H10: 428.9 | I10: 294 | J10: 82 | K10: 721.6 | L10: 0.0169 | M10: 186 | N10: 94.3 | O10: 11.8 | P10: 12.2 | Q10: 20.4 | R10: 6.4 | S10: -1.5
A11: 000008 | B11: ADT-C-08 | C11: Torrefied Adirondack Spruce | D11: 554 | E11: 201 | F11: 4.4 | G11: 208 | H11: 424.5 | I11: 299 | J11: 81.6 | K11: 726 | L11: 0.0169 | M11: 186 | N11: 96.6 | O11: 12.9 | P11: 13 | Q11: 22.5 | R11: 3.9 | S11: -1.6
A12: 000009 | B12: ADT-C-09 | C12: Torrefied Adirondack Spruce | D12: 546 | E12: 195 | F12: 4.4 | G12: 197 | H12: 420.5 | I12: 295 | J12: 83.1 | K12: 722.7 | L12: 0.0167 | M12: 188.6 | N12: 95.1 | O12: 12.5 | P12: 13 | Q12: 26.3 | R12: 4.3 | S12: -1.6
A13: 000010 | B13: ADT-C-10 | C13: Torrefied Adirondack Spruce | D13: 546 | E13: 190 | F13: 4.5 | G13: 214 | H13: 458.4 | I13: 295 | J13: 83.7 | K13: 688 | L13: 0.0174 | M13: 180.9 | N13: 94.5 | O13: 13.3 | P13: 11.7 | Q13: 19.7 | R13: 5.4 | S13: -1.6
A14: 000011 | B14: ADT-W-01 | C14: Torrefied Adirondack Spruce | D14: 554 | E14: 219 | F14: 4.4 | G14: 236 | H14: 442.1 | I14: 299 | J14: 84.7 | K14: 650.1 | L14: 0.0182 | M14: 173 | N14: 92.1 | O14: 14.5 | P14: 13 | Q14: 24.9 | R14: 4.2 | S14: -1.8
A15: 000012 | B15: ADT-W-02 | C15: Torrefied Adirondack Spruce | D15: 554 | E15: 214 | F15: 4.5 | G15: 228 | H15: 427.4 | I15: 299 | J15: 76.7 | K15: 727.1 | L15: 0.0179 | M15: 175.1 | N15: 95 | O15: 11 | P15: 11.9 | Q15: 26.1 | R15: 6.6 | S15: -1.6
A16: 000013 | B16: ADT-W-03 | C16: Torrefied Adirondack Spruce | D16: 563 | E16: 221 | F16: 4.4 | G16: 243 | H16: 443.9 | I16: 304 | J16: 78 | K16: 790.4 | L16: 0.0162 | M16: 193.8 | N16: 95.3 | O16: 13.2 | P16: 12.3 | Q16: 16 | R16: 4.1 | S16: -1.7
... A25: 000022 | B25: ADT-W-12 | C25: Torrefied Adirondack Spruce | D25: 557 | E25: 212 | F25: 4.5 | G25: 229 | H25: 431 | I25: 301 | J25: 77.5 | K25: 651.8 | L25: 0.0198 | M25: 158.7 | N25: 95.4 | O25: 11.6 | P25: 12 | Q25: 11.5 | R25: 3.1 | S25: -1.6

Sheet Acquisition Procedure
A1: Acquisition, Signal Processing, and Procedural Metadata
A3: Sample ID | B3: Analyzer Sample Name | C3: Software / Method | D3: Signal Channel | E3: Selected Source | F3: Recorded Signal Plot | G3: Amplitude Spectrum Plot | H3: Impulse Response Plot | I3: Total Recording Length (s) | J3: Visualized Length (s) | K3: Peak Amplitude (dBFS) | L3: Fit Quality (%) | M3: Time Constant (ms) | N3: Log Decrement | O3: Q Factor | P3: Raw Audio Available | Q3: Numeric Waveform Available | R3: Numeric FFT Bins Available | S3: Numeric Impulse Response Available | T3: Environmental Conditions Visible | U3: Calibration Record Visible | V3: Summary Screenshot | W3: Detailed Screenshot
A4: 000001 | B4: ADT-C-01 | C4: Tonewood parameters characterization – Rev 1.5 – Giuliano Nicoletti | D4: Signal 1 | E4: Mono | F4: Present | G4: Present | H4: Present | I4: 16.7 | J4: 3.5 | K4: -1.6 | L4: 94.7 | M4: 766.9 | N4: 0.0167 | O4: 188 | P4: Not included in submission | Q4: No – rendered screenshot only | R4: No – rendered screenshot only | S4: No – rendered screenshot only | T4: Not visible | U4: Not visible | V4: Screenshot 2026-08-01 003806.png | W4: Screenshot 2026-08-01 003922.png
A5: 000003 | B5: ADT-C-03 | C5: Tonewood parameters characterization – Rev 1.5 – Giuliano Nicoletti | D5: Signal 1 | E5: Mono | F5: Present | G5: Present | H5: Present | I5: 19.9 | J5: 3.9 | K5: -1.7 | L5: 94.1 | M5: 781.4 | N5: 0.0148 | O5: 212 | P5: Not included in submission | Q5: No – rendered screenshot only | R5: No – rendered screenshot only | S5: No – rendered screenshot only | T5: Not visible | U5: Not visible | V5: Screenshot 2026-08-01 015407.png | W5: Screenshot 2026-08-01 015616.png
A6: 000004 | B6: ADT-C-04 | C6: Tonewood parameters characterization – Rev 1.5 – Giuliano Nicoletti | D6: Signal 1 | E6: Mono | F6: Present | G6: Present | H6: Present | I6: 36.3 | J6: 8.2 | K6: -1.6 | L6: 92.9 | M6: 695.6 | N6: 0.0177 | O6: 177.2 | P6: Not included in submission | Q6: No – rendered screenshot only | R6: No – rendered screenshot only | S6: No – rendered screenshot only | T6: Not visible | U6: Not visible | V6: Screenshot 2026-08-01 020642.png | W6: Screenshot 2026-08-01 020818.png
A7: 000005 | B7: ADT-C-05 | C7: Tonewood parameters characterization – Rev 1.5 – Giuliano Nicoletti | D7: Signal 1 | E7: Mono | F7: Present | G7: Present | H7: Present | I7: 21 | J7: 7.5 | K7: -1.5 | L7: 93.4 | M7: 689.6 | N7: 0.0161 | O7: 195.6 | P7: Not included in submission | Q7: No – rendered screenshot only | R7: No – rendered screenshot only | S7: No – rendered screenshot only | T7: Not visible | U7: Not visible | V7: Screenshot 2026-08-01 022111.png | W7: Screenshot 2026-08-01 022248.png
A8: 000006 | B8: ADT-C-06 | C8: Tonewood parameters characterization – Rev 1.5 – Giuliano Nicoletti | D8: Signal 1 | E8: Mono | F8: Present | G8: Present | H8: Present | I8: 36.5 | J8: 6.8 | K8: -1.6 | L8: 95.1 | M8: 704.2 | N8: 0.0164 | O8: 191.6 | P8: Not included in submission | Q8: No – rendered screenshot only | R8: No – rendered screenshot only | S8: No – rendered screenshot only | T8: Not visible | U8: Not visible | V8: Screenshot 2026-08-01 022940.png | W8: Screenshot 2026-08-01 023116.png
A9: 000007 | B9: ADT-C-07 | C9: Tonewood parameters characterization – Rev 1.5 – Giuliano Nicoletti | D9: Signal 1 | E9: Mono | F9: Present | G9: Present | H9: Present | I9: 20.4 | J9: 6.4 | K9: -1.5 | L9: 94.3 | M9: 721.6 | N9: 0.0169 | O9: 186 | P9: Not included in submission | Q9: No – rendered screenshot only | R9: No – rendered screenshot only | S9: No – rendered screenshot only | T9: Not visible | U9: Not visible | V9: Screenshot 2026-08-01 030317.png | W9: Screenshot 2026-08-01 030353.png
A10: 000008 | B10: ADT-C-08 | C10: Tonewood parameters characterization – Rev 1.5 – Giuliano Nicoletti | D10: Signal 1 | E10: Mono | F10: Present | G10: Present | H10: Present | I10: 22.5 | J10: 3.9 | K10: -1.6 | L10: 96.6 | M10: 726 | N10: 0.0169 | O10: 186 | P10: Not included in submission | Q10: No – rendered screenshot only | R10: No – rendered screenshot only | S10: No – rendered screenshot only | T10: Not visible | U10: Not visible | V10: Screenshot 2026-08-01 031556.png | W10: Screenshot 2026-08-01 031630.png
A11: 000009 | B11: ADT-C-09 | C11: Tonewood parameters characterization – Rev 1.5 – Giuliano Nicoletti | D11: Signal 1 | E11: Mono | F11: Present | G11: Present | H11: Present | I11: 26.3 | J11: 4.3 | K11: -1.6 | L11: 95.1 | M11: 722.7 | N11: 0.0167 | O11: 188.6 | P11: Not included in submission | Q11: No – rendered screenshot only | R11: No – rendered screenshot only | S11: No – rendered screenshot only | T11: Not visible | U11: Not visible | V11: Screenshot 2026-08-01 032353.png | W11: Screenshot 2026-08-01 032426.png
A12: 000010 | B12: ADT-C-10 | C12: Tonewood parameters characterization – Rev 1.5 – Giuliano Nicoletti | D12: Signal 1 | E12: Mono | F12: Present | G12: Present | H12: Present | I12: 19.7 | J12: 5.4 | K12: -1.6 | L12: 94.5 | M12: 688 | N12: 0.0174 | O12: 180.9 | P12: Not included in submission | Q12: No – rendered screenshot only | R12: No – rendered screenshot only | S12: No – rendered screenshot only | T12: Not visible | U12: Not visible | V12: Screenshot 2026-08-01 032805.png | W12: Screenshot 2026-08-01 032832.png
A13: 000011 | B13: ADT-W-01 | C13: Tonewood parameters characterization – Rev 1.5 – Giuliano Nicoletti | D13: Signal 1 | E13: Mono | F13: Present | G13: Present | H13: Present | I13: 24.9 | J13: 4.2 | K13: -1.8 | L13: 92.1 | M13: 650.1 | N13: 0.0182 | O13: 173 | P13: Not included in submission | Q13: No – rendered screenshot only | R13: No – rendered screenshot only | S13: No – rendered screenshot only | T13: Not visible | U13: Not visible | V13: Screenshot 2026-08-01 033047.png | W13: Screenshot 2026-08-01 033133.png
A14: 000012 | B14: ADT-W-02 | C14: Tonewood parameters characterization – Rev 1.5 – Giuliano Nicoletti | D14: Signal 1 | E14: Mono | F14: Present | G14: Present | H14: Present | I14: 26.1 | J14: 6.6 | K14: -1.6 | L14: 95 | M14: 727.1 | N14: 0.0179 | O14: 175.1 | P14: Not included in submission | Q14: No – rendered screenshot only | R14: No – rendered screenshot only | S14: No – rendered screenshot only | T14: Not visible | U14: Not visible | V14: Screenshot 2026-08-01 033153.png | W14: Screenshot 2026-08-01 033206.png
A15: 000013 | B15: ADT-W-03 | C15: Tonewood parameters characterization – Rev 1.5 – Giuliano Nicoletti | D15: Signal 1 | E15: Mono | F15: Present | G15: Present | H15: Present | I15: 16 | J15: 4.1 | K15: -1.7 | L15: 95.3 | M15: 790.4 | N15: 0.0162 | O15: 193.8 | P15: Not included in submission | Q15: No – rendered screenshot only | R15: No – rendered screenshot only | S15: No – rendered screenshot only | T15: Not visible | U15: Not visible | V15: Screenshot 2026-08-01 102908.png | W15: Screenshot 2026-08-01 103241.png
... A24: 000022 | B24: ADT-W-12 | C24: Tonewood parameters characterization – Rev 1.5 – Giuliano Nicoletti | D24: Signal 1 | E24: Mono | F24: Present | G24: Present | H24: Present | I24: 11.5 | J24: 3.1 | K24: -1.6 | L24: 95.4 | M24: 651.8 | N24: 0.0198 | O24: 158.7 | P24: Not included in submission | Q24: No – rendered screenshot only | R24: No – rendered screenshot only | S24: No – rendered screenshot only | T24: Not visible | U24: Not visible | V24: Screenshot 2026-08-01 105438.png | W24: Screenshot 2026-08-01 105553.png

Sheet Summary vs Detailed
A1: Audit Comparison: Summary Cards vs Detailed Analyzer
A3: Sample ID | B3: Metric | C3: Summary Card Value | D3: Detailed Analyzer Value | E3: Difference | F3: Assessment
A4: 000001 | B4: Density (kg/m³) | C4: 467.7 | D4: 467.7 | E4: 0 | F4: Match / display rounding
A5: 000001 | B5: Stiffness (GPa) | C5: 14.9 | D5: 14.9 | E5: 0 | F5: Match / display rounding
A6: 000001 | B6: Resonance Frequency (Hz) | C6: 78 | D6: 78 | E6: 0 | F6: Match / display rounding
A7: 000001 | B7: Q Factor / Sustain | C7: 188 | D7: 188 | E7: 0 | F7: Match / display rounding
A8: 000001 | B8: Radiation Coefficient | C8: 12.1 | D8: 12.1 | E8: 0 | F8: Match / display rounding
A9: 000003 | B9: Density (kg/m³) | C9: 428.7 | D9: 428.7 | E9: 0 | F9: Match / display rounding
A10: 000003 | B10: Stiffness (GPa) | C10: 13.8 | D10: 13.8 | E10: 0 | F10: Match / display rounding
A11: 000003 | B11: Resonance Frequency (Hz) | C11: 86.4 | D11: 86.4 | E11: 0 | F11: Match / display rounding
A12: 000003 | B12: Q Factor / Sustain | C12: 212 | D12: 212 | E12: 0 | F12: Match / display rounding
A13: 000003 | B13: Radiation Coefficient | C13: 13.2 | D13: 13.2 | E13: 0 | F13: Match / display rounding
A14: 000004 | B14: Density (kg/m³) | C14: 415.7 | D14: 415.7 | E14: 0 | F14: Match / display rounding
A15: 000004 | B15: Stiffness (GPa) | C15: 11.7 | D15: 11.7 | E15: 0 | F15: Match / display rounding
... A108: 000022 | B108: Radiation Coefficient | C108: 12 | D108: 12 | E108: 0 | F108: Match / display rounding

Sheet Capture Audit
A1: Submission Completeness and Capture Anomalies
A3: Issue ID | B3: Severity | C3: Affected Files / Samples | D3: Finding | E3: Disposition
A4: CAP-001 | B4: High | C4: Expected sample 000002 | D4: No summary card or detailed analyzer screenshot for sample 000002 was present in the submitted ZIP. | E4: Not fabricated; excluded from Specimen Master and listed as missing.
A5: CAP-002 | B5: Medium | C5: 031318.png + 031426.png | D5: Summary card shows 000008, while the following detailed screenshot repeats ADT-C-07 / sample 000007. | E5: Pair marked invalid; correct 000008 pair 031556.png + 031630.png used.
A6: CAP-003 | B6: Medium | C6: Sample 000014 | D6: Summary card radiation coefficient reads 12.1; detailed analyzer reads 12.4. | E6: Both retained in comparison sheet; no silent correction.
A7: CAP-004 | B7: Low | C7: Sample 000012 nodal line | D7: The nodal-line text is visually/OCR ambiguous; 299 mm is consistent with the displayed geometry and expected ~54% nodal location. | E7: Recorded as 299 mm and flagged here.

Sheet Batch Statistics
A1: Torrefied Adirondack Batch Statistics – Detailed Analyzer Values
A3: Metric | B3: Minimum | C3: Average | D3: Maximum | E3: Std. Deviation
A4: Sample Density (kg/m³) | B4: =MIN('Specimen Master'!H5:H25) | C4: =AVERAGE('Specimen Master'!H5:H25) | D4: =MAX('Specimen Master'!H5:H25) | E4: =STDEV.S('Specimen Master'!H5:H25)
A5: Resonance Frequency (Hz) | B5: =MIN('Specimen Master'!J5:J25) | C5: =AVERAGE('Specimen Master'!J5:J25) | D5: =MAX('Specimen Master'!J5:J25) | E5: =STDEV.S('Specimen Master'!J5:J25)
A6: Q Factor / Sustain | B6: =MIN('Specimen Master'!M5:M25) | C6: =AVERAGE('Specimen Master'!M5:M25) | D6: =MAX('Specimen Master'!M5:M25) | E6: =STDEV.S('Specimen Master'!M5:M25)
A7: Young's Modulus / Stiffness (GPa) | B7: =MIN('Specimen Master'!O5:O25) | C7: =AVERAGE('Specimen Master'!O5:O25) | D7: =MAX('Specimen Master'!O5:O25) | E7: =STDEV.S('Specimen Master'!O5:O25)
A8: Radiation Coefficient | B8: =MIN('Specimen Master'!P5:P25) | C8: =AVERAGE('Specimen Master'!P5:P25) | D8: =MAX('Specimen Master'!P5:P25) | E8: =STDEV.S('Specimen Master'!P5:P25)
A9: Fitting (%) | B9: =MIN('Specimen Master'!N5:N25) | C9: =AVERAGE('Specimen Master'!N5:N25) | D9: =MAX('Specimen Master'!N5:N25) | E9: =STDEV.S('Specimen Master'!N5:N25)
A12: Recovered unique specimens | B12: 21
A13: Expected sequence | B13: 000001–000022
A14: Missing specimen | B14: 000002

Sheet Spectral Sheet Archive
A1: Embedded Source Archive – Summary Cards and Detailed Spectral Analysis Screens
A2: These embedded images preserve the rendered signal, spectrum, and impulse-response evidence. They are not substitutes for raw numeric arrays.
A4: Sample 000001 | B4: ADT-C-01 | Summary card | H4: ADT-C-01 | Detailed spectral analysis
A23: Sample 000003 | B23: ADT-C-03 | Summary card | H23: ADT-C-03 | Detailed spectral analysis
A42: Sample 000004 | B42: ADT-C-04 | Summary card | H42: ADT-C-04 | Detailed spectral analysis
A61: Sample 000005 | B61: ADT-C-05 | Summary card | H61: ADT-C-05 | Detailed spectral analysis
A80: Sample 000006 | B80: ADT-C-06 | Summary card | H80: ADT-C-06 | Detailed spectral analysis
A99: Sample 000007 | B99: ADT-C-07 | Summary card | H99: ADT-C-07 | Detailed spectral analysis
A118: Sample 000008 | B118: ADT-C-08 | Summary card | H118: ADT-C-08 | Detailed spectral analysis
A137: Sample 000009 | B137: ADT-C-09 | Summary card | H137: ADT-C-09 | Detailed spectral analysis
A156: Sample 000010 | B156: ADT-C-10 | Summary card | H156: ADT-C-10 | Detailed spectral analysis
A175: Sample 000011 | B175: ADT-W-01 | Summary card | H175: ADT-W-01 | Detailed spectral analysis
A194: Sample 000012 | B194: ADT-W-02 | Summary card | H194: ADT-W-02 | Detailed spectral analysis
A213: Sample 000013 | B213: ADT-W-03 | Summary card | H213: ADT-W-03 | Detailed spectral analysis
... A403: Invalid duplicate pair | B403: 031318 summary = 000008 | H403: 031426 detail = repeated ADT-C-07 / 000007
